Episode,Title,URL,Status,Date,Duration
1,Season 2 | Ep 01 | कैसे जान पाएगी Team CID Abhijeet की Personal Tragedy? | CID | Full Episode,https://www.youtube.com/watch?v=bglX_yQ2e1U,Found,08 May 2026,48:23
2,Abandoned Suitcase देखकर क्यों हुई Daya-Abhijeet की हालत खराब? | CID Season 2 | Full Episode | Ep 3,https://www.youtube.com/watch?v=qhq7l0_f2IU,Found,07 Feb 2026,48:34
3,Is CID Team Trapped? - Part 3 | C.I.D | सीआईडी | Real Heroes,https://www.youtube.com/watch?v=PuLQUte6pzo,Found,06 Sep 2021,54:04
4,Purvi को किस CID Officer ने किया Emergency Call? | CID Season 2 | Full Episode | Ep 4,https://www.youtube.com/watch?v=CyIlj_EYaYY,Found,07 Feb 2026,47:19
5,एक Secluded Island पर Criminals के चक्रव्यूह में फंसी Team CID | CID Season 2 | Full Episode | Ep 5,https://www.youtube.com/watch?v=Yf46ipLSJtA,Found,07 Feb 2026,46:34
6,Crime Scene पर किसने की Abhijeet से शादी की बात? | CID Season 2 | Full Episode | Ep 6,https://www.youtube.com/watch?v=sUQNWucuz9o,Found,07 Feb 2026,41:39
7,A.I. Chatbot Grehani ने किया Team CID को कैद | CID Season 2 | Full Episode | Ep 7,https://www.youtube.com/watch?v=ORHKpdeZ2f8,Found,07 Feb 2026,46:16
8,Season 2 | Ep 08 | Team CID के लिए Race Against Time - Inspector Purvi खतरे में? | CID |Full Episode,https://www.youtube.com/watch?v=p1wPeu_XsIU,Found,08 May 2026,48:08
9,Wall से मिले Skull की Mystery को कैसे हल करेगी CID? | CID | New Season | Latest Episode | 9 Mar 2026,https://www.youtube.com/watch?v=qGBTm1yt2eQ,Found,08 Apr 2026,48:46
10,Daya का भयानक रूप देखकर थर्रा गई Team CID  | CID Season 2 | Full Episode | Ep 10,https://www.youtube.com/watch?v=IWue5wY__-8,Found,07 Feb 2026,44:26
11,एक बच्चे को नहीं बचा पाने का Abhijeet को लगा सदमा | CID | सी.आई.डी. | 11 July 2025,https://www.youtube.com/watch?v=4iWGDT_-3Q4,Found,05 Sep 2025,48:42
12,एक कटी हुई Finger ने बढ़ाई CID की मुश्किलें | CID Season 2 | Full Episode | Ep 12,https://www.youtube.com/watch?v=nyV0AdeF1Ek,Found,07 Feb 2026,46:34
13,House Party के रहस्य से CID कैसे उठाएगी पर्दा? | CID | New Season | Ep 13 | Full Episode,https://www.youtube.com/watch?v=8EgK6dTC4yA,Found,31 Aug 2026,46:03
14,Team C.I.D. के साथ किसने खेला कठपुतली का खेल? | CID Season 2 | Full Episode | Ep 14,https://www.youtube.com/watch?v=oZ46RXIoZtc,Found,07 Feb 2026,42:56
15,ACP Pradyuman के Parcel से किस CID Officer ने की चोरी? | CID Season 2 | Full Episode | Ep 15,https://www.youtube.com/watch?v=OLqFdTQEfwo,Found,07 Feb 2026,48:01
16,किसने की CID को गुमराह करने की कोशिश? | CID | सी.आई.डी. | 16 Apr 2024,https://www.youtube.com/watch?v=hTPxKPII7o0,Found,05 Sep 2024,46:32
17,Purvi ने खोल दिया किस CID Officer का गहरा राज़? | CID Season 2 | Full Episode | Ep 17,https://www.youtube.com/watch?v=yYxyKZWzxGk,Found,07 Feb 2026,48:46
18,Daya ने क्यों छोड़ी CID? | CID Season 2 | Full Episode | Ep 18,https://www.youtube.com/watch?v=uQQ1S3OtiQs,Found,07 Feb 2026,49:06
19,पुरानी हवेली में किसके Photos देखकर Abhijeet को लगा झटका? | CID Season 2 | Full Episode | Ep 19,https://www.youtube.com/watch?v=ntga2Ho-PAE,Found,Official,45:40
20,Chandelier के गिरने से हुवी Lady की House Death | CID Season 2 | Full Episode | Ep 20,https://www.youtube.com/watch?v=zK8P-whhL5k,Found,07 Feb 2026,44:17
21,क्या Team CID बन जाएगी 'Gilehri Rakshas' का शिकार? | CID Season 2 | Full Episode | Ep 21,https://www.youtube.com/watch?v=SVgv1BS9QA4,Found,07 Feb 2026,44:02
22,Abhijeet की Therapist पर किसने किया जानलेवा हमला? | CID Season 2 | Full Episode | Ep 22,https://www.youtube.com/watch?v=YG3j55gSQHE,Found,07 Feb 2026,48:40
23,Dr. Salunkhe ने क्यों बोला ACP Pradyuman से झूठ? | CID Season 2 | Full Episode | Ep 23,https://www.youtube.com/watch?v=mgHfcBm0ojc,Found,07 Feb 2026,50:55
24,CID ने बनाया एक Dangerous Plan | CID | सीआईडी | Full Episode | Criminal Manhunt | 24 Dec 2023,https://www.youtube.com/watch?v=1fRdHLPtMdk,Found,05 Sep 2024,49:13
25,हवा में उड़े जहर का Evidence कहाँ से लाएगी Team CID? | CID Season 2 | Full Episode | Ep 25,https://www.youtube.com/watch?v=rrqyZtYJOg0,Found,07 Feb 2026,45:12
26,Dr. Salunkhe के कंधों पर आया 26 Skeletons के Survey का बड़ा Task | CID | सी.आई.डी | 12 Feb 2024,https://www.youtube.com/watch?v=f0P2BlwvCsc,Found,05 Sep 2024,50:55
27,Tech Trap का Game लेकिन CID का Smart Plan | CID Season 2 | Ep 27 | Best Crime Cases,https://www.youtube.com/watch?v=4489CbH8xw0,Found,07 Jun 2026,45:01
28,Abhijeet के पुराने दोस्त पर किसने किया जानलेवा Attack? | CID Season 2 | Full Episode | Ep 28,https://www.youtube.com/watch?v=k-knD-joMLg,Found,09 Mar 2026,44:54
29,Traffic Signal के बीचों बीच हुई क़त्ल से CID है हैरान | CID | सी.आई.डी | 29 Dec 2023,https://www.youtube.com/watch?v=5l_uc5HJ2Dw,Found,05 Sep 2024,58:35
30,क्या CID पर काले साए की भविष्यवाणी होगी सच? | CID Season 2 | Full Episode | Ep 30,https://www.youtube.com/watch?v=onC1chS2Hhw,Found,09 Mar 2026,45:51
31,एक लड़की ने CID को बुलाकर कबूला अपना जुर्म | CID | सी.आई.डी. | 31 Dec 2025,https://www.youtube.com/watch?v=260d4RQBQkE,Found,08 Jan 2026,44:21
32,क्या Team CID ने ACP को हमेशा के लिए खो दिया? | CID Season 2 | Full Episode | Ep 32,https://www.youtube.com/watch?v=UEEkKyvZwBI,Found,09 Mar 2026,45:14
33,क्या ACP के बिना Purvi कर पाएगी Challenge का सामना? | CID Season 2 | Full Episode | Ep 33,https://www.youtube.com/watch?v=UsMKu5Szhu4,Found,09 Mar 2026,44:25
34,Bureau में New ACP को देखकर हैरान हो गए Daya-Abhijeet | CID Season 2 | Full Episode | Ep 34,https://www.youtube.com/watch?v=edS316DzFQ4,Found,09 Mar 2026,44:33
35,किसके निशाने पर हैं CID Members? | CID Season 2 | Full Episode | Ep 35,https://www.youtube.com/watch?v=tO2AHvOC3nk,Found,09 Mar 2026,47:02
36,Daya को Crime का सच कैसे बताएगा Shocked Sachin? | CID Season 2 | Full Episode | Ep 36,https://www.youtube.com/watch?v=SYylA7p3Cjc,Found,09 Mar 2026,48:06
37,Car Launch में CID को मिली 20 साल पुरानी Frozen Body | CID Season 2 | Full Episode | Ep 37,https://www.youtube.com/watch?v=xtToD935yyw,Found,09 Mar 2026,45:56
38,Silent Den में मचे Crime के शोर को कैसे शांत करेगी CID? | CID Season 2 | Full Episode | Ep 38,https://www.youtube.com/watch?v=bF8fg_R9M_o,Found,09 Mar 2026,44:27
39,CID में घुसे गद्दार की कैसे होगी पहचान? | CID Season 2 | Full Episode | Ep 39,https://www.youtube.com/watch?v=_6pt3cLpxXM,Found,09 Mar 2026,49:48
40,क्या Celebrity का Case डाल देगा Daya-Abhijeet के बीच में दरार? | CID Season 2 | Full Episode | Ep 40,https://www.youtube.com/watch?v=gw5uyRUIzS4,Found,09 Mar 2026,46:10
41,किसने लगाया CID पर Blackmail का इल्ज़ाम? | CID Season 2 | Full Episode | Ep 41,https://www.youtube.com/watch?v=eywP-FQll8o,Found,09 Mar 2026,44:56
42,CID SEASON 2 EPISODE 42 | Full Episode | Original Episode,https://www.youtube.com/watch?v=VUSJFG4iUgU,Found,09 Mar 2026,45:21
43,CID SEASON 2 Episode 43 | Full Episode | Original Episode | Sheraya come back,https://www.youtube.com/watch?v=xWgEB47QnbI,Found,09 Mar 2026,45:57
44,Construction Site पर मिले कंकाल की Identity कैसे निकलेगी CID? | CID Season 2 | Full Episode | Ep 44,https://www.youtube.com/watch?v=Z8Veo6zwC-s,Found,09 Mar 2026,42:56
45,क्या एक सुराग बनेगा CID के दो अलग Cases की असली कड़ी? | CID Season 2 | Ep 45 | Best Crime Cases,https://www.youtube.com/watch?v=sNeThjGXXuo,Found,07 Jul 2026,45:06
46,CID को मिली Phone की Battery में से एक Dangerous Chip | CID Season 2 | Ep 46 | Best Crime Cases,https://www.youtube.com/watch?v=zZzy8hbqe7c,Found,07 Jul 2026,43:57
47,क्यों लगा Inspector Daya पर Jewellery Theft का आरोप? | CID Season 2 | Full Episode | Ep 47,https://www.youtube.com/watch?v=yvgsPHeLPfk,Found,09 Mar 2026,43:26
48,क्यों चलाई ACP Pradyuman ने Daya पर गोली? | CID Season 2 | Full Episode | Ep 48,https://www.youtube.com/watch?v=yb14fzBoQq0,Found,09 Mar 2026,42:32
49,क्या ACP Pradyuman ने किया Team CID को Trick? | CID Season 2 | Full Episode | Ep 49,https://www.youtube.com/watch?v=yJATw2TTJF8,Found,09 Mar 2026,45:17
50,Team CID में कौन है ग़द्दार? | CID Season 2 | Full Episode | Ep 50,https://www.youtube.com/watch?v=noAcwXjWh9o,Found,09 Mar 2026,46:51
51,CID पहचान पाएगी ग्लैमर के पीछे छुपा खतरनाक राज? | CID Season 2 | Ep 51 | Best Crime Cases,https://www.youtube.com/watch?v=XdiYn-EYJJs,Found,07 Jul 2026,42:04
52,किसने कहा Abhijeet को खड़ूस? | CID Season 2 | Full Episode | Ep 52,https://www.youtube.com/watch?v=TjyaiX4PvgM,Found,09 Mar 2026,46:50
53,Policemen पर हुए Attack ने किया Team CID को हैरान | CID Season 2 | Full Episode | Ep 53,https://www.youtube.com/watch?v=OP0Ha3AaHxA,Found,Official,47:47
54,Birthday Crime की Mystery को ACP ने किया Solve | CID Season 2 | Full Episode | Ep 54,https://www.youtube.com/watch?v=JEGIc1s77Pk,Found,09 Mar 2026,47:00
55,Daya ने चलती बस में Inspector Milan को मारी गोली | CID Season 2 | Full Episode | Ep 55,https://www.youtube.com/watch?v=_cG9KX8WHWs,Found,09 Mar 2026,44:05
56,CID को Victim के Brain में से मिली एक Special Bullet | CID Season 2 | Full Episode | Ep 56,https://www.youtube.com/watch?v=RyvAkahyJAU,Found,09 Mar 2026,43:16
57,कैसे बचाई Daya ने Hijacked Flight में रहते हुए Passengers की जान? | CID Season 2 |Full Episode|Ep 57,https://www.youtube.com/watch?v=fOh4OzeSwC4,Found,09 Mar 2026,45:12
58,Team CID ने क्यों किया Daya पर Raid? | CID Season 2 | Full Episode | Ep 58,https://www.youtube.com/watch?v=yDyl_fs1uhw,Found,09 Mar 2026,45:35
59,Officer Daya के खिलाफ क्यों खड़ी हुई Team CID? | CID Season 2 | Full Episode | Ep 59,https://www.youtube.com/watch?v=QAE5Zhy-EAM,Found,08 Apr 2026,42:50
60,क्या Abhijeet कर पायेगा Daya को Rescue? | CID Season 2 | Full Episode | Ep 60,https://www.youtube.com/watch?v=7fFibDI2OlI,Found,08 Apr 2026,41:09
61,CID को Chill Vacation पर मिला एक Chilling Case | CID Season 2 | Full Episode | Ep 61,https://www.youtube.com/watch?v=Jxvet2g1I80,Found,08 Apr 2026,44:25
62,Officer Purvi के ऊपर किसने फेंका Acid? | CID Season 2 | Full Episode | Ep 62,https://www.youtube.com/watch?v=DW7sKF80DBg,Found,08 Apr 2026,43:22
63,Team CID को मिली 72 Hours की Deadline | CID Season 2 | Full Episode | Ep 63,https://www.youtube.com/watch?v=lrtQ4xpeMTc,Found,08 Apr 2026,47:03
64,कहाँ खो गए Dr. Salunkhe? | CID Season 2 | Full Episode | Ep 64,https://www.youtube.com/watch?v=een0VRA9D2A,Found,08 Apr 2026,42:35
65,किसने फंसाया Team CID को एक Real Life Chess Game में? | CID Season 2 | Full Episode | Ep 65,https://www.youtube.com/watch?v=BI3lQ_3SLuU,Found,08 Apr 2026,48:21
66,Taarika ने Abhijeet को बताई एक Body के दिल की बात | CID Season 2 | Full Episode | Ep 66,https://www.youtube.com/watch?v=2K3jFOWGBtc,Found,08 Apr 2026,44:03
67,एक Broken Helmet की कहानी जानने के लिए Abhijeet बना Biker | CID Season 2 | Full Episode | Ep 67,https://www.youtube.com/watch?v=1ciJOYBpJe4,Found,08 May 2026,46:23
68,क्या है Abhijeet के Hallucination का राज? | CID Season 2 | Full Episode | Ep 68,https://www.youtube.com/watch?v=UrvvjNBGZJk,Found,08 May 2026,47:42
69,किसने किया CID Officers का Online Transaction Fail? | CID Season 2 | Full Episode | Ep 69,https://www.youtube.com/watch?v=wBpxsPgaxaE,Found,08 May 2026,42:53
70,क्या Team CID कर पाएगी Horror Accident के सच का खुलासा? | CID Season 2 | Full Episode | Ep 70,https://www.youtube.com/watch?v=odNuG0zMlQs,Found,08 May 2026,49:08
71,Team CID को मिली Principal के Nails में एक ज़हरीली Powder | CID Season 2 | Full Episode | Ep 71,https://www.youtube.com/watch?v=gD9jTsRTlvM,Found,08 May 2026,46:21
72,कैसे फंसी Team CID Lunaro Art Gallery Case के जंजाल में? | CID Season 2 | Full Episode | Ep 72,https://www.youtube.com/watch?v=oA5RQVgm2Hk,Found,08 May 2026,41:16
73,CID - Episode 73,https://www.youtube.com/watch?v=Ru8gy6kNRL0,Found,08 Sep 2014,41:21
74,Truck पर Headless Body देखकर क्यों चौंक गई Team CID? | CID Season 2 | Full Episode | Ep 74,https://www.youtube.com/watch?v=oVslrI1h2o4,Found,07 Jun 2026,45:06
75,एक Author की Mystery को कैसे Uncover करेगी CID? | CID Season 2 | Full Episode | Ep 75,https://www.youtube.com/watch?v=w7nQ2F8fNjM,Found,07 Jun 2026,47:28
76,क्या इस Serial Criminal को Team CID कर पाएगी Capture? | CID Season 2 | Full Episode | Ep 76,https://www.youtube.com/watch?v=VJ0FXIdPCfE,Found,07 Jun 2026,47:12
77,Celestial Phenomenon की Mystery को कैसे Unfold करेगी CID? | CID Season 2 | Full Episode | Ep 77,https://www.youtube.com/watch?v=hUlEDRTRuSs,Found,07 Jun 2026,47:58
78,क्या Abhijeet की वजह से जाएगी उसके जिगरी दोस्त की जान? | CID Season 2 | Full Episode | Ep 78,https://www.youtube.com/watch?v=x_z4n-TSVV8,Found,07 Jun 2026,48:43
79,क्या Park की Ghost Mystery को Uncover कर पाएगी CID? | CID Season 2 | Full Episode | Ep 79,https://www.youtube.com/watch?v=RQsir_w4uMY,Found,07 Jun 2026,45:16
80,80 Lakh की Robbery को CID कैसे करेगी Solve? | CID Season 2 | Ep 8 | Best Crime Cases,https://www.youtube.com/watch?v=LdQWpGkY0Vo,Found,07 Jun 2026,48:08
81,Psycho Fan की Mystery में उलझी Team CID | CID Season 2 | Full Episode | Ep 81,https://www.youtube.com/watch?v=FR83ZDm_5VI,Found,07 Jun 2026,45:21
82,कैसे उलझ गई Team CID इस अजीब Fairyland Case में? | CID Season 2 | Full Episode | Ep 82,https://www.youtube.com/watch?v=xeCQKe7k8iU,Found,07 Jun 2026,46:23
83,Engagement से मौत तक CID कैसे सुलझाएगी यह Mystery? | CID Season 2 | Full Episode | Ep 83,https://www.youtube.com/watch?v=oipsxBsl5l0,Found,07 Jul 2026,45:04
84,क्या Cricketer की Missing Daughter को ढूँढ पाएगी CID? | CID Season 2 | Full Episode | Ep 84,https://www.youtube.com/watch?v=HkRDz5ScJ7I,Found,07 Jul 2026,44:51
85,CID (सीआईडी) Season 1 - Episode 85 - Anonymous Lady Inside The Car - Full Episode,https://www.youtube.com/watch?v=YPjkPLFN2MU,Found,06 Sep 2021,22:00
86,CID (सीआईडी) Season 1 - Episode 86 - Anonymous Lady Inside The Car - Part - 2 - Full Episode,https://www.youtube.com/watch?v=HksftoSYSrk,Found,06 Sep 2021,20:11
87,Mangalsutra ने कैसे पहुँचाया CID को Criminal तक? | CID Season 2 | Full Episode | Ep 87,https://www.youtube.com/watch?v=9npwsrp7Q-Y,Found,07 Jul 2026,45:04
88,एक Obsessed Fan के चक्कर में कहाँ पहुंच गई Team CID? | CID Season 2 | Full Episode | Ep 88,https://www.youtube.com/watch?v=h0PcHLvbReA,Found,07 Jul 2026,43:15
89,CID Episode 89. CID Series 2 | Mysterious Warning! Who Is the Real Culprit Hiding? | Full Episode.,https://www.youtube.com/watch?v=rtgLL0t7-2k,Found,07 Jul 2026,46:13
90,क्या खून से लिखे Message की Help से Culprit को ढूंढ पाएगी CID? | CID Season 2 | Full Episode | Ep 90,https://www.youtube.com/watch?v=f61M-aUhtEg,Found,07 Jul 2026,45:03
91,CID कैसे Decode करेगी Fortune Teller की Crime Mystery? | CID Season 2 | Full Episode | Ep 91,https://www.youtube.com/watch?v=EcIbJZwZ-gE,Found,06 Aug 2026,45:31
92,कैसे मिला Team CID को Cement में दफन एक शव? | CID Season 2 | Full  Episode | Ep 92,https://www.youtube.com/watch?v=_2qXgblNGfY,Found,06 Aug 2026,46:31
93,एक Mirror के Curse में फंस गई Team CID | CID Season 2 | Full  Episode | Ep 93,https://www.youtube.com/watch?v=T6ov4azJuac,Found,06 Aug 2026,45:33
94,CID कैसे खोलेगी Business Rivalry और Family Betrayal का राज़? | CID Season 2 | Full Episode | Ep 94,https://www.youtube.com/watch?v=6iBCP25Q7Bw,Found,06 Aug 2026,44:02
95,एक Businessman के घर से मिले Evidences ने किया CID को Shock | CID Season 2 | Full Episode | Ep 95,https://www.youtube.com/watch?v=fd7U8Ui3UXg,Found,08 Aug 2026,46:04
96,क्यों बन गई Team CID की Picnic एक खौफनाक Mystery? | CID Season 2 | Full Episode | Ep 96,https://www.youtube.com/watch?v=gulLeGf7c4Q,Found,08 Aug 2026,46:17
97,CID कैसे सुलझाएगी Headless Body की Mystery? | CID Season 2 | Full Episode | Ep 97,https://www.youtube.com/watch?v=-ZVEyn0nUW4,Found,08 Aug 2026,46:23
98,CID के Investigation में आया Shocking Twist! | CID Season 2 | Full Episode | Ep 98,https://www.youtube.com/watch?v=TDRIYvyNZ_k,Found,15 Aug 2026,44:47
99,एक SOS Call ने CID को पहुँचाया किसी सुनसान जगह पर | CID Season 2 | Full Episode | Ep 99,https://www.youtube.com/watch?v=i7dP16gl3O4,Found,15 Aug 2026,46:22
100,क्या Rakshak Baba की Mystery को Uncover कर पाएगी CID? | CID Season 2 | Full Episode | Ep 100,https://www.youtube.com/watch?v=0mU5rNQTO98,Found,15 Aug 2026,46:13
500,CID (सीआईडी) Season 1 - Episode 500 - The Case Of A Poisonous Dart - Full Episode,https://www.youtube.com/watch?v=2JbXvEM-9Pg,Found,06 Sep 2022,41:11
501,CID (सीआईडी) Season 1 - Episode 501 - The Transfer Of The Power Of Attorney - Full Episode,https://www.youtube.com/watch?v=7QV670RQHSU,Found,06 Sep 2022,42:41
1000,CID  - सीआईडी - Ep 1000 - Mouse Trap Part- 1 - Full Episode,https://www.youtube.com/watch?v=vUwkTS1lsG4,Found,06 Sep 2021,43:48
1001,CID  - सीआईडी - Ep 1001 - Mouse Trap Part- 2 - Full Episode,https://www.youtube.com/watch?v=jUWgjcCbeL0,Found,06 Sep 2021,43:48
1400,"CID - Full Episode 1400 - 10th March, 2019",https://www.youtube.com/watch?v=v1_NxJnT7-Q,Found,Official,41:18
1401,"CID - सी आई डी - Bhavishyavani -  Episode 1401 - 14th January, 2017",https://www.youtube.com/watch?v=IVShyTcNIG4,Found,07 Sep 2017,43:08
